NOT,NOT,"Well, som postbud forst√•r jeg godt, hvorfor man ikke har interesse i at uddele pakke om aftenen/natten.  Desuden er det ikke anderledes med DHL, gls, bring etc etc.  Forst√•r ikke postnord hate. Som om folk ikke ved, at postnord feks er forpligtet til at udlevere post til alle adresser i Danmark. Det vil alts√• sige, at hvis hr Jensen der bor p√• Lars tyndskids mark skal have et brev, bare et enkelt, s√• kan det tage 10-15min at f√• det ordnet. Det tager tid og penge, og derfor m√• du f√• fedte dig ud af d√∏ren for at hente den pakke üòä"
NOT,NOT,MEN HVOR ER SVENSKERNE MAND!!!!
NOT,NOT,"Det er sk√¶gt, hvordan dette bliver ved med at v√¶re en ting, n√•r det jo netop er RUC, der har vist vejen med projekt- og gruppearbejde, som alle de andre universiteter senere hen har taget til sig.  Selvf√∏lgelig har det nogle ulemper, men det har ogs√• fordele. Der er en grund til, at man plejer at sige, at RUC uddanner de bedste og de v√¶rste kandidater ;)  Edit: Rolig nu, CBS og KU-cowboys. I beh√∏ver ikke downvote bare fordi, jeg p√•peger, at RUC alts√• ikke er det sorte hul, som I altid f√•r at vide, at det er."
NOT,NOT,Tog vi os ikke af 2 giraffer? Som begge hed Marius?
NOT,NOT,Anerkendt
NOT,NOT,"nogen folk har bare ondt i r√∏ven.. men jeg forst√•r godt du g√∏r det, kunne jeg m√•ske ogs√• finde p√• ud i fremtiden"
NOT,NOT,Straight outta /pol/
NOT,NOT,"DESSUTOM, s√• √§r v√•rat riksvapen bara allm√§nt snyggare "
NOT,NOT,Syntes nu det skulle have v√¶ret sm√∏rrebr√∏d..
NOT,NOT,"Tjaaa.. den danske h√¶r er st√∏rre end den svenske, s√• mon vi ikke burde kunne finde ud af noget?"
OFF,NOT,"Igen en ligegyldig nyhed fra udlandet ,vi bor i danmark tosser"
NOT,NOT,@USER og alligevel l√¶ser du artiklen!!!!
OFF,OFF,Danskj√§vlar!
NOT,NOT,Hvorfor hvofor
NOT,NOT,Det er du alts√• sluppet for billigt omkring
NOT,NOT,"S√•.... hvad er det, jeg kigger p√• her?"
NOT,NOT,Han var aldeles ikke nogen svensker! Han var bare almindeligt fuld!
NOT,NOT,bare hun huske at betale skat og ik kommer hjem n√•r hun bliver syg og nasser p√• der danske sundhedsv√¶sen
NOT,NOT,Fantastisk med en ny skrivebordsbaggrund!
NOT,NOT,"Jeg har s√• k√¶mpe respekt for alle der tager deres tyr ved hornene, uanset hvad det er for en slags tyr. St√¶rkt g√•et af OP.  Uanset s√• skal du vide at s√• l√¶nge man arbejder med et problem s√• er det kun et sp√∏rgsm√•l om tid f√∏r man en dag kan se tilbage og t√¶nke ""s√•dan er jeg ikke l√¶ngere""."
NOT,NOT,bwahahahahahah
NOT,NOT,N√§r man har Danmark och Norge som grannl√§nder beh√∂ver man hj√§lp ibland!
NOT,NOT,"Jeg har altid undret mig over vores placering, i de her statistikker.  Da jeg boede i skotland (2011, bevares) blev jeg fuldst√¶ndig overv√¶ldet af hvor meget (og ofte!) mine skotske venner drak sig ned. Det var seri√∏st hver dag, fordi byen var altid √•ben. Og n√•r jeg kigger p√• deres FB-billeder den dag i dag, har de stadig en drink i h√•nden p√• hvert eneste billede der ryger op.  &#x200B;  &#x200B;"
NOT,NOT,St√¶rkt!!!
NOT,NOT,Kom ind i tr√•den!  URL
NOT,NOT,burde n√¶sten sende ham en af mine [hjemmelavede](URL
NOT,NOT,"Man skal sgu koge og stege maden ordentligt. N√¶ste gang s√• g√∏r det selv, supermand."
OFF,NOT,"Vi er r√∏de, vi er hvide, og nu skal vi fandme da v√¶re stive!"
NOT,OFF,Dansk ingen√∏rkunst
NOT,NOT,"√òllebr√∏d, senpai! "
NOT,NOT,"Sjovt, det er ligesom dengang p√• /r/funny seks timer inden"
NOT,NOT,Svaner er syge i hovedet  Tag min opvurdering!
NOT,NOT,"N√¶√¶h, chokoladeboller! *Finder ud af, at det er rosiner*. Rosinboller er seri√∏st bagv√¶rkets svar p√• narrefisse!"
NOT,NOT,"Nu var @USER, som er portr√¶tteret til venstre, dog en dansk sagnkonge. Endelig ikke g√∏r s√•dan en stolt dansk figur til en svensker!"
NOT,NOT,Nope!
OFF,NOT,Hun er en flot t√∏s
NOT,NOT,"Er det ikke logisk nok, at de bliver n√∏dt til at k√∏re langsommere, da glatte/v√•de/frosne skinner giver l√¶ngere bremsel√¶ngde?  Edit: se kommentaren af u/routes4you, han forklarer √•rsagerne bedre"
NOT,NOT,1. Kaj
NOT,NOT,[VORES √ÜRKE-NEMESIS](URL
NOT,NOT,"Uden tvivl respektl√∏st.. Men det er godt nok en lille verden n√•r man bruger tid p√• at bringe en historie om blomster tyveri fra 3n kirkeg√•rd.. I hull, england.. Der skulle da vel aldrig v√¶re vigtigere ting at besk√¶ftige sig med fra vores egen lille andedam.. Jeg tror godt jeg kan komme i tanke om en ting eller 2..."
NOT,NOT,Lav en troll account og g√• amok.
NOT,NOT,Kan du ikke ikke i det mindste √¶ndre titlen f√∏r du [reposter fra mig](URL
NOT,NOT,"Det er p√• grund af det her, jeg bruger Reddit."
OFF,NOT,"Det n√¶ste skridt er s√• opfordring til vold imod denne syndebuk. Denne fase er politikerne i DF for l√¶ngst g√•et i gang med. Og det er ikke overraskende, idet vold er hj√∏rnestenen i nazismen."
OFF,NOT,/r/SWARJE er den vej. gtfo -->
NOT,NOT,hvilket episode og s√¶son?  edit: s√¶son 20 episode 3
NOT,OFF,"Det er sgu noget sludder Martin Henriksen kommer med. Indvandrere bliver ikke danske af at fejre jul. Det er helt sikkert godt for samfundet, og integrationen, men har man boet sin ungdom i Somalia og kommer her til som teenager eller voksen, s√• vil man altid v√¶re Somalier inden i, eller i bedste fald f√∏le sig som begge dele.   Jeg har en fransk ven, gift med en dansk pige, han bliver sgu aldrig dansk. Ja ja, jeg ved godt, at der m√• sidde nogle fra radikale folk og f√• ond i fissen, men selvom man ikke er dansk og aldrig bliver det, s√• kan man godt integrere sig i Danmark alligevel. Det ene udelukker ikke det andet. Samtidig kan man ogs√• godt assimilere sig uden at integrere sig, s√• man kan flyve under den kulturelle radar, og s√• pludselig v√¶lge at spr√¶nge hele lortet i luften. Eller det er i hvert fald min udl√¶gning af de to begreber.  Det er noget forbandet vr√∏vl at skulle g√∏re alle til danskere fordi de s√¶tter fod i Danmark. "
NOT,NOT,Smukt :-)
NOT,NOT,Skulle ikke undre mig om Australien vinder :p
NOT,NOT,voldt√¶gtsm√¶nd g√∏r det ikke fordi de n√∏dvendigvis har lyst til sex? De g√∏r det fordi de kan lide magten?
NOT,NOT,For satan hvor er det bare kunst
OFF,OFF,Var det ham der sad i en lort?
NOT,NOT,Her i landet kan vi jo gl√¶de os over at vi i stedet har [Trine Bramsens vise ord](URL#!/00:07:45) til at forklare kongerigets politik p√• det omr√•de.
NOT,NOT,"JEG ELSKER DANSKEN. AT VINDE EUROVISION ER EN K√ÜMPE BEDRIFT, SOM VI BURDE V√ÜRE STOLTE AF."
NOT,NOT,Hvil i fredog √¶ret v√¶re hans minde!
NOT,NOT,Jeg giver en bajer hvis du kommer forbi viborg en dag :)
OFF,OFF,9-4 Danskj√§vlar!
NOT,NOT,'I''m gonna bet it''s √¶bleskiver.'
NOT,NOT,Den eneste god dansk mad er fra Tyskland og har et uudtaleligt navn p√• dansk.
NOT,NOT,Kender du de personer som har gjort det?
NOT,NOT,@USER tror du skal v√¶lge din mand n√∏je
NOT,NOT,Mit st√∏rste problem med dette er at spillet er udviklet af Paradox som er svensk. f√∏j.
NOT,NOT,Rip farveblinde
NOT,NOT,lol
NOT,NOT,HVAD DRIKKER HUNDEN AF?!
NOT,NOT,Patter eller hvidvask? Patter!
NOT,NOT,Synes der er lidt rigelig gr√∏nt p√• den der... :)
NOT,NOT,Er de nede igen?
NOT,NOT,meget flot lavet xD
NOT,NOT,Det er simpel hen ikke i orden vis respekt for de d√∏de og fam
OFF,NOT,Hahhaaha l√¶r det biiiiiaaaatch
NOT,NOT,Vi v√¶re t√¶ttere p√• midten!
OFF,OFF,"K√∏b jer dog en fucking bl√¶ser tudefj√¶ser. Som om i nogensinde har v√¶ret i en vandt√¶t dragt fra top til t√• med gasmaske p√• i det her vejr, der er varmere de fleste andre steder i verden end her.. üòÇ"
NOT,NOT,Burde n√¶sten v√¶re et tripple-E
NOT,NOT,"Jeg ved ikke om jeg t√∏r afsl√∏re det, men det er det maritime signalflag for tallet 4."
NOT,NOT,Snup da en tudekiks üòÇ
NOT,NOT,lol
NOT,NOT,##G√òR SOM EN DANSKER OG UPVOTE DANSK.
NOT,NOT,straight up pimpin
OFF,NOT,"Du kan klarer den fyr, stort set alle min venner er p√• vej ud p√• samme spor, hold k√¶ft hvor f√∏ler jeg mig ensom, n√•r alt folk omkring mig vil er at snakke drugs"
NOT,NOT,"Man skal t√¶nke sig lidt om , n√•r man bliver spurgt , ""skal vi g√• hjem til mig og dele √©n"" ..."
NOT,NOT,Pr√∏ver at ringe 114......
NOT,NOT,"Til SkinkeSkuden, drenge! L√òB!"
NOT,NOT,"'Jeg vender gerne R√∏ven imod Kabaa''en i Mekka 5 gange i d√∏gnet. Is√¶r n√•r jeg har Tynd mave. Gr√¶demuren er i samme retning. WinWin. Er der flere ""hellige"" steder, der mangler Str√•leskide ?? Mvh den Vantro og Eneste Sande Messias.'"
NOT,NOT,Giv den mand elefantordenen!
NOT,NOT,Dem der er ansat til at passe p√• en og selv har b√∏rn p√• n√¶sten samme alder. F√¶ngsel er alt for mild straf.
NOT,NOT,"Kender det godt, av"
NOT,NOT,"Nej nej, det er lidt overskyet i dag, men i n√¶ste uge vender solen st√¶rkt tilbage og steger os til starten af september. Det bliver godt."
NOT,NOT,da de h√∏jst sandsynligt er p√• kontanthj√¶lp er det alligevel dig og mig der betaler
NOT,NOT,Men vi beholder Bornholm!
NOT,NOT,HVOR ER SVENSKEN?
OFF,NOT,"'Ja mojn du, hol'' √¶ k√¶ft.'"
NOT,NOT,den som glemmer historien er d√∏mt til at gentage den
OFF,OFF,Meget naturlig reaktion hvis hun ikke vil have flere lortes√∏skende
NOT,NOT,det bliver vildere og vildere i lille DK
NOT,NOT,>Joe och the juice  f√∏j. Hvis det er deres grund til at flytte hertil kan de lige s√• godt holde sig v√¶k
OFF,OFF,Shit man! Skal kattene med p√• ferie? Det er nok en god id√© at snakke med kattepasserne om den potentielle lortesituation! God arbejdslyst!
NOT,NOT,"Det her kommer m√•ske til at v√¶re dumt, men det er jo 100% photoshoppet - s√• er jeg out of the loop? Hvad er joken"
NOT,NOT,Sverige er ogs√• et kongerige?
NOT,NOT,"Hei! Jeg har laget banneret til /r/NORDVEI.  Bare mellom meg og dere, *jeg liker Danmark bedre enn Sverige*  EDIT: Hvor er Norsk flair?"
NOT,NOT,For fanden da... Lad os hj√¶lpe ham med at stj√¶le svensken
NOT,NOT,"Tja, er ikke enig i reaktionen. Men det er rigtigt at danskere er d√•rlige til at lade udl√¶ndinge √∏ve deres dansk omkring den. Folk er simpelthen ikke t√•lmodige nok og skifter blot over til engelsk for at g√∏re det hele noget nemmere."
NOT,NOT,Netflix tager godt nok marketingskampagnen for The Rain helt derud!
NOT,NOT,Hmmm..
NOT,NOT,Lars L√∏kke N√¶se
NOT,NOT,Forhelvede hvor er det dejligt at v√¶re dansker *bryder ud i Der er et Yndigt Land*
NOT,NOT,'Det er ham uuuuu'' p√• den b√•√•√•√•'' der!'
OFF,OFF,Oh for fuck sake.. Kan vi ikke godt lade v√¶re? @USER er lige s√• meget politiker som jeg er Narhval..... Han er nutidens @USER. One big joke..
NOT,NOT,"Suck it up om morgenen, profit om eftermiddagen üòÅ"
NOT,NOT,"Har de st√•et i k√∏ i 2 TIMER og s√• er de mest popul√¶re pladser ikke ledige!!?? DET ER FOR D√ÖRLIGT!!!^^^^/s ...jeg har da ligget i k√∏ i 48 timer flere gange for at f√• en fed plads i L, de skal sgu lade v√¶re med at brokke sig eller troppe op lidt f√∏r."
NOT,NOT,Missilerne burde v√¶re r√∏de p√∏lser!
NOT,NOT,"Tjaa,det kan vel ikke overraske med den h√¶mningsl√∏se indvandring og piv√•bne gr√¶nser,vi ligger som vi har redt...."
NOT,NOT,Gymnasiel√¶rer: can confirm
NOT,NOT,LUK BROEN!
NOT,NOT,Man skal slet ikke give til r√∏de kort en direkt√∏r der tjener over 100.000 kr pr mdr f√∏j
OFF,NOT,"Jeg studerer selv i England, i en af de dyreste byer i landet - i forhold til Danmark s√• ligner det LORT. Hjeml√∏se og folk tabt af systemet over alt, skrald over det hele, alle mine venner er ved at drukne i studie l√•n og meget misundelige p√• min SU, biler p√• den forkerte side a vejen... Jeg kunne blive ved. Vi er ikke perfekte i Danmark, men hold op hvor er det markant bedre end andre lande. "
NOT,NOT,r/me_ira
OFF,OFF,"Det ville faktisk v√¶re ideelt, det er p√• ydersiden at de kommer til at smage som lort."
NOT,NOT,Svensken kan ikke engang holde et fort
NOT,NOT,"@USER Jeg har ingen undskyldninger for at syntes, at National Socialismen er den bedste styreform. @USER, hvad g√∏re islam til en bedre styreform end den Nationale Socialisme?"
NOT,NOT,JEG KAN OGS√Ö SKRIVE MED ^STORT
NOT,NOT,"Hej Bjarne.  Vi har f√∏r set at C++ har set til andre sprog og hentet features hjem, er der nogen ting i sprog du som interesserer dig for tiden som du muligvis t√¶nker om at pr√∏ve ud i C++?  Sproget Rust pr√∏ver at markedsf√∏re sig selv som en mere sikker m√•de at skrive h√∏jt perfmant, t√¶t p√• metallet kode, ser du noget i deres argumenter om at C++ er nemt at skrive usikker kode i og hvad syntes du selv om balancen mellem udvikler frihed og sikkerhed i sprog?"
NOT,NOT,Imponerende at k√¶resten ikke har opdaget det.
NOT,NOT,Frisk k√∏lig luft? Hos mig er der koldere indenfor end udenfor for tiden.
NOT,NOT,Utroligt s√• beh√¶ndigt de undg√•r at n√¶vne etnicitet.
NOT,NOT,"Min far havde engang fyldt en sliksk√•l med sorte ledninger og vingummier, da han vidste jeg elskede Sn√∏reb√•nd. Det sgu n√¶sten lige s√• slemt som de der mishandlede vindruer."
NOT,NOT,Jeg var studerende p√• Danmark fra USA i 1994 og kan stadig snakke noget Dansk. Jeg elsker Danmark!
NOT,NOT,lol
OFF,OFF,"Ohhhhh shit, shots FIRED!!! Eller... jeg mener, √•hhh lort, skud affyret!!!"
NOT,NOT,God bedring
OFF,OFF,"Hvis du hellere vil have et kalifat end sverige, kan du fandme fucke ud af mit land din luder. "
NOT,NOT,Aldrig sett s√•n mat i hela mitt liv.
NOT,NOT,"'Argh rolig nu, jeg kan nu godt forst√• at svensken gerne vil hedde det samme som os, men det jo bar'' √¶rgerligt.'"
NOT,NOT,"Det var billig sluppet, man koger sku ik pasta uden man har 100% styr p√• det.. Og hvis man v√¶lger at g√∏re noget s√• uansvarlig alligevel , s√• er et br√¶kket ben meget billig sluppet. Havde kogt hendes Ben"
NOT,NOT,Alle for at skifte upvote logoet til HKH og downvotes til ~~kongen af sverige~~ fjeldaben over alle fjeldaber
NOT,NOT,Jeg er tr√¶t af at det her f√•r mig til at grine... Men for fanden det er jo s√• simpelt at det er sjovt! ;)
NOT,NOT,"UTROLIGT, de unge mennesker m√• kede sig meget, siden de skal √∏del√¶gge andres ejendom, h√•ber de bliver stillet til ansvar......."
NOT,NOT,Danskerne har aldrig tabt til svensken. Vi har ladet dem vinde.
NOT,NOT,"Det eneste der kunne g√∏re det mere episk er hvis han havde droppet sit ""PS"" og ladet hende svare ""du ved da ikke hvad de endte med at g√∏re""."
NOT,NOT,"""kom med jeres opstemmer"" ... Som om det lyder bedre?"
NOT,NOT,[Top Gear fansne i /r/inglin vil forst√• denne reference til et fantastisk dansk spise.](URL
NOT,NOT,"Nej! Det synes jeg ikke, hvis de kan rejse derned blot for at se deres familie eller kone s√• skal de da ikke vende snuden hjem igen, s√• der jo ikke fare p√• f√¶re."
NOT,NOT,Hvil i fred.
NOT,NOT,Nu er de jo sk√•ninger. Alle ved jo at Sk√•ne hellere vil v√¶re dansk end svensk!
OFF,OFF,"Jeg mindes hvad vismanden @USER sagde i sit show ""Anden p√• coke"" i 2006: Netto er jo et tempel over lort Hans ord st√•r stadig til den dag i dag"
NOT,NOT,Men giraffen skulle jo v√¶re den her;  URL
NOT,NOT,"Forskellen ved kristendommen og islam, er at der er meget f√• kristne der st√∏tter de meget drabelige og inhumane regler der er i biblen. St√∏tte for koranens drabelige og inhumane regler blandt muslimer er skyh√∏je.   [Global oversigt over landes lovgivning om homoseksualitet](URL#/media/File:World_laws_pertaining_to_homosexual_relationships_and_expression.svg)  [Lande med straffe mod apostasi (at forlade din religion)](URL#/media/File:Blasphemy_laws_worldwide.svg)  [% af muslimer der mener at koranen kun har en fortolkning](URL√∏re Sharia (islamisk lov) til landets lov](URL√¶re straffen for utroskab](URL√¶re d√∏dsstraf for at forlade Islam](URL√• at sige at det er en minoritet passer ikke. Vi snakker om mange hundrede millioner der mener at d√∏dsstraf for ting som at forlade Islam og at v√¶re homoseksuel er helt acceptabelt. "
NOT,NOT,"Nogle gange er politik alts√• virkelig komisk. Folk opf√∏rer sig som b√∏rn. ‚ÄúJa eller nej?‚Äù hvorefter han rodet svarer p√• adskillige minutter, alt er kaos, i stedet for at virke mere trov√¶rdig og bare sige ja/nej. "
NOT,NOT,Kun overg√•et af Hunter S Thompsons morgenmads rutine
NOT,NOT,"Det kan godt v√¶re en god m√•de at g√∏re det p√•. Det kan dog godt v√¶re det g√•r tabt i folks forst√•else af hvad tallet p√• pakken betyder, men jeg er generelt tilh√¶nger af oplysning.  En af mine k√¶pheste i beregningen af CO2 √¶kvivalenter p√• f√∏devarer er at det g√∏res i CO2 √¶kv pr. kg f√∏devare (eller anden passende v√¶gt enhed). Hvor jeg mener det burde beregnes pr. kcal da vi jo som mennesker k√∏rer p√• energiindholdet i maden.  En anden m√•de kan v√¶re en generel oplysningskampagne om hvilke f√∏devarer er de mest forurenende. Det ville give et mere generelt overblik over hvilke typer mad vi burde undg√• i vores hverdag for at belaste vores verden mindst muligt."
NOT,NOT,Kan SVENSKEN overhovedet andet end at komme efter vort √¶rede f√¶dreland?
NOT,NOT,Og de aller v√¶rste er sku politikkerne de har sku snart ribbet og fl√•et os alle !!!! De pampere Haha
NOT,NOT,For mange √•r siden hva det Europa som gik verden rundt og plyndred alt sl√• folk ihjel.....
NOT,NOT,godt g√•et!
OFF,NOT,Bullshit
NOT,NOT,"Syntes lige at jeg skal sige at selvom /r/danmag ikke er det aller mest seri√∏se subreddit, s√• er jeg sikker p√• at OP er seri√∏s. Det er en tragisk ting der er sket, og jeg syntes at vores tanker skal g√• ud til hans familie og venner!"
NOT,NOT,"Kan vi ikke lade nogle andre (et andet land) tage den kamp?   S√¶rligt Islam er et patriarkalsk samfund - jeg er rimelig sikker p√•, at muslimske m√¶nd i l√∏bet af de seneste par hundrede √•r ville have fundet en undskyldning for at stoppe den praksis p√• deres drengeb√∏rn, hvis det var s√• slemt at v√¶re omsk√•ret."
NOT,NOT,xd
NOT,NOT,Fantastisk Billedbiks!
NOT,NOT,"Jeg forst√•r den ikke? Hj√¶lp mig lige, please..."
NOT,NOT,Hvad sker der lige... Sindssyg verden...folk er sgu da ikke normal
NOT,NOT,Og s√• en kold bajer til s√• er den hjemme.
NOT,NOT,Er der ulve?
OFF,NOT,"Hun skulle satme ind og sidde i meget lang tid, samt k√¶mpe erstatning til ham fordi hun har skadet ham. Kunne have √∏delagt ham og hans families liv. M√∏gso"
NOT,NOT,Der mangler lige akkurat ikke noget p√• det billede..!
NOT,NOT,Presist!
NOT,NOT,S√•dan en flok PSYKOPATER
NOT,NOT,"Det kan godt v√¶re at dette er ‚Äòfake‚Äô, men det er da stadigv√¶k sjovt? üòÖ  M√•ske denne skulle have v√¶ret postet p√• /r/dankmark for nogle bedre reaktioner üòè  Opdut her fra +1 üëå"
NOT,NOT,"Svensken beviser endnu en gang at den er gr√•, kedelig og fantasil√∏s, mens at de stolte danere samt nordm√¶ndende ser leende til og vinder en samtale nemt."
NOT,NOT,imo har Kaj og Andrea potentiale til at g√• hele vejen internationalt
OFF,OFF,"Hahaha, hvor er jeg enig! :D  Selveste [Kongen af Hundige har lavet et meget moderne NSFW-nummer](URL√• personligt gerne, at det blev √•rets Roskilde-hit foran alt det andet lort."
NOT,NOT,"En del af europas historie , og b√∏r naturligvis bevares"
NOT,NOT,"Det er jo heller ikke som om vi lader sm√• b√∏rn g√• alene rundt i trafikken f√∏r de har l√¶rt at f√¶rdes d√©r.  Klassisk at tage den mest kontroversielle s√¶tning i hele artiklen og s√¶tte som overskrift uden kontekst. Flot, DR."
NOT,NOT,[Marius kunne have f√•et en v√¶rre ende.](URL
NOT,NOT,Kyndelmisse ej at forglemme!
NOT,NOT,Ja ja men der er da heldigvis ikke dr√¶bersnegle i √•r.
NOT,NOT,URL
NOT,NOT,Dejligt lavet RandomDKguy!  Jeg har alts√• nip-nappet den og delt den videre
OFF,OFF,"'Det er som det altid har v√¶ret. Frihed er for os, ikke for de andre. Det er bestemt sjovere at g√∏re grin med de liberale p√• dette punkt, men strengt taget kunne du kunne lige s√• godt g√∏re grin med venstrefl√∏jen: Tegningen oppefra, med uret: [D√©t parti bliver aldrig stuerent], [Dit barn skal ikke p√•duttes et bestemt k√∏n], [Fuck McDonald''s], [Som hvid m√• du m√• ikke kl√¶de dig som sort/brun/asiat/inder/muslim/etc/osv], [Som hvid m√• du ikke sige neger], [Du m√• ikke tegne muhammed].'"
NOT,NOT,"S√• er Esben klar til nye udfordringer. Det skulle vel ogs√• passe nu n√•r han optjent en solid folketingspension p√• 12.000,- dkk om m√•neden plus det tilsvarende i √¶gtef√¶lle/b√∏rnepension, samt en ministerpension p√• 134.000,- dkk. Vel og m√¶rke fra 61 √•rs alderen.  Helt klart en af de st√∏rre drivkrafter i at jeg den dag i dag m√• siges at lide af politikerlede og stemmer blankt p√• det cirkus der foreg√•r derinde p√• Borgen.   Vi siger tak til Esben for den dejlige indsats som folkevalgt, og tak for underholdningen for os menige, med blandt andet Vindm√∏lle-sagen, CV-sagen, Ph.d.-plagiat, Plagiat i Christiansborg-tale, ""Kvote-konge"" sagen, ""√òkologisk r√•derum"" sagen, ""Gylle-gate"" sagen.   God vind fremover."
NOT,NOT,"Egentlig et fint indl√¶g. Hvis der er plads til alt muligt andet, s√• skal der ogs√• v√¶re plads til formel1."
NOT,NOT,"[DR.dk](URL√• clickbait, s√• bruger [dr.dk/nyheder](URL"
NOT,NOT,Giver ALDRIG ved d√∏rene
NOT,NOT,Kan bekr√§fta.  K√§lla: √Ñr svensk och otrevlig.
NOT,NOT,"Selvf√∏lgelig har den svenske kvinde lyser√∏dt h√•r, som en god radikal feminist b√∏r."
NOT,NOT,Hubba hubba
NOT,NOT,"Jeg kan knapt klare at spise en hel af dem der, det bliver alt for meget."
OFF,OFF,Oh fuck ja! Endelig.
NOT,NOT,"Du f√•r lige et k√¶mpe Hugh-five for at tale om det, og for at fort√¶lle om det herinde! Tak for det"
NOT,NOT,Fantastisk at du gad lave al den research :D
NOT,NOT,"Er ganske uenig. Jeg elsker alt, hvad denne sommer har haft at byde p√•. Det er s√• ogs√• den f√∏rste sommer, hvor jeg har boet i et hus i mange √•r, s√• kan godt forst√•, at lejligheder ikke er det fedeste. Men jeg ser gerne flere af denne slags somre! "
NOT,NOT,@USER v√¶r glad for jeg ikke er s√•dan en k√¶reste hahah
NOT,NOT,"""Skulle den n√¶ste storm ikke ogs√• starte med D?""   JO, DANMARK - OG M√Ö DEN BL√ÜSE SVENSKERNE NED FRA DERES H√òJE HEST."
NOT,NOT,"Jeg h√•ber ikke, at p√∏lsevognene lukker tidligt. Jeg skal have min daglige r√∏de p√∏lse!"
NOT,NOT,Ja men syntes r√∏de kors snyder folk n√•r de indsamler 90procent g√•r til l√∏n og admistration s√• st√∏tter ikke
NOT,NOT,"Kanon. Outline af hans hoved kunne lidt fintuning, men ellers perfekt."
NOT,NOT,"Som s√•dan en perfektionist som jeg er, ville det ikke v√¶re godt at give kuglerne til gev√¶ret et lille recolor?"
NOT,NOT,"Suk...normalt ville jeg blive rasende over s√•dan en video, men det er ikke engang det v√¶rd l√¶ngere.  Her st√•r vi med en politiker der pisser √•benlyst p√• og trodser en lovgivning og danskernes rettigheder og tilsyneladende ingen kvaler overhovedet har ved det. At snakke udenom n√•r man bliver grillet er en ting, men ligefrem at samtidig forn√¶rme folks intelligens ved at hive noget s√• barnagtigt som f√¶drelandsk√¶rligheds-argumentet op er da b√•de morsomt og tragisk, men mest af alt totalt nedladende. N√•r Pape begynder at angribe Rasmus i stedet for at tale sin egen sag kan det vist ikke blive tydeligere vi har at g√∏re med et vilddyr tr√¶ngt op i en krog, som bider fra sig i desperation.  H√•ber virkelig virkelig VIRKELIG s√• inderligt at han bliver d√∏mt for det her en dag, det ville v√¶re virkelig fedt at se en politiker f√• konsekvenser for sin handlinger i stedet for en l√∏ftet pegefinger og ministerpension. Mig bekendt har data fra den her type logning kun v√¶ret behj√¶lpelig i 1 sag, s√• hvad fanden er form√•let (udover at fungere som midlertidig hvileplads inden vi tager n√¶ste skridt op af masseoverv√•gnings-stigen, selvf√∏lgelig)?  &#x200B;"
NOT,NOT,Du og mig begge! DANMARK FORTJ√ÜNER DE UPVOTES!!
NOT,NOT,"Op, aldrig brug jpg til at linke en animation. tak."
OFF,OFF,J√§vla dansksvin
NOT,NOT,WHAT IS THIS INSANITY!
NOT,NOT,vi skal have en grundl√¶gge unders√∏gelse af ham inden han hopper af!!
NOT,NOT,:(
NOT,NOT,[**Det er en penis!**](URL
NOT,NOT,Jeg har gjordt stor skam til danmag.
OFF,OFF,Jeg vil fandme da gerne drukne i koldsk√•l
NOT,NOT,Det kommer vel lidt an p√• hvilken type plastik?
NOT,NOT,"Den danske League of Legends spiller Henrik ""Froggen"" Hansen brugte for nyligt dette som sin baggrundssk√¶rm, mens han og drengene sad og dissede svensken mens de h√∏rte god dansk musik og spiste langel√¶ndere p√• stream: URL"
NOT,NOT,"Jeg har dog smagt kogt fl√¶sk og det var fantastisk, jeg h√•ber det retter lidt op p√• det hele"
OFF,OFF,M√∏gunger.
NOT,NOT,"""Det vare bare en lille svensker jeg fandt nede i parken.... Folk vil jo have min Kylle Rylle!"""
NOT,NOT,'hvorfor mener du at DF''ere er nazister???'
OFF,OFF,Crime-fucking-rider!
NOT,NOT,"Dom hurrar inte, dom skrattar bara √•t den danska arm√©n "
NOT,NOT,Det eneste der er v√¶rre end velf√¶rdsturister er almindelige turister.
OFF,OFF,"@USER som en billig vare, t√¶nker de tjener langt mere end dig, s√• hvem s√¶lger sig selv billigst?  Disse 2 som laver noget der giver dem nydelse og som de ikke bliver nedslidt af eller dig som knogler r√∏ven ud bukserne p√• arbejdsmarkedet til lorte l√∏n og nedslidt krop?"
NOT,NOT,"det ligner en tatov√∏r har br√¶kket sig udover malone, som i √∏vrigt er halvt hamster"
NOT,NOT,Uden tvivl den mest kendte skuespiller i verdenshistorien!
NOT,NOT,Er dum - fatter intet.
NOT,NOT,@USER !!! Du slap billigt
OFF,NOT,"Yep endnu en dagli k√¶de jeg ikke handler i! Er det her et mareridt? Ligesom da jeg var i runde torn og jeg kunne se over til sverige. Det var skr√¶mmende, men det var heldighvis bare et mareridt, h√•ber aldrig jeg skal se det gudforladte sted igen!"
NOT,NOT,de skulle skrive en bog for at fastl√¶gge at danskere ikke er tyskere? og ikke mindre at danskere er de bedste? det er jo alt sammen almindelig viden.
NOT,NOT,"godt skrevet. f√∏ler med dig. Jeg h√•ber meget du kommer p√• talefod med din ""k√¶reste"" igen. Har du ikke nogen venner/familie der kan hj√¶lpe dig videre, i det mindste med et sted at overnatte. Har du overvejet at tjekke dig selv ind p√• et behandlings-sted ?  H√•ber alt det bedste for dig!! Selv om livet ser meget sort ud nu, skal der nok komme gode dage igen!!  ""always look on the bright side of life"""
NOT,NOT,"'Jeg fangede ikke r/denmark''s fascination af kaj. Han er givet ret Awesome, men hvordan startede det herinde? '"
NOT,NOT,SKYRIM BELONGS TO THE NORDS
NOT,NOT,Det er sv√¶rt at se om den h√¶nger til h√∏jre eller venstre
NOT,NOT,[S√ÖDAN](URL
NOT,NOT,"Jeg vil sige at jeg har lidt nydt, hvordan vi danskere har klaret os s√• meget bedre, og vist overlegenhed overfor Svensken de sidste par √•r. Det har sandelig v√¶ret fint. Men nu er svensken sgu s√• langt bagefter, at det er synd, og man f√•r melidenhed. Vi m√• sgu snart hj√¶lpe dem lidt. De er vores naboland, og det er jo ved at g√• helt i stykker. Ja jeg er da ganskevist fuld, men jeg har da ret."
NOT,NOT,"##Holger sjunger med, det er helt sikkert!!!"
NOT,NOT,Er prestige life nu det nye fashion life?
NOT,NOT,"Overskriften, n√•r man ikke kan lave mad "
NOT,NOT,OPROB
NOT,NOT,absolut de g√∏r intet de h√∏rer ikke hjemme i dk.
NOT,NOT,##JEG GR√ÜDER AF NATIONAL STOLTHED.
NOT,NOT,Hvorn√•r begynder vi vor togt?
OFF,OFF,"'Hvordan fuck er de kommet frem til det, er vi ikke de f√∏rste p√• banen n√•r cowboyderne er p√• krigsstien? Vi har sku'' da aldrig fortjent en 5. eller en 3. plads. Fake news Costa Rica er r√∏get fra en 1. plads til en plads omkring de 30, og de har ikke haft milit√¶r i over 50 √•r, vi har v√¶ret involveret i minimum 3 krige i den tid, jeg forst√•r tydeligvis ikke fred.'"
NOT,NOT,"Et eller andet skal de jo underholde sig med, de k√¶re svenskere."
NOT,NOT,Kunne vi ogs√• f√• det i CO2 per kcal i stedet for?  Ved at v√¶re tr√¶t af at en salat per kilo bliver sammenlignet med k√∏d v√¶gtm√¶ssigt. Jeg skal have 2¬Ωk kcal/dag og s√• er et kilo salat ikke det samme som et kilo k√∏d
OFF,NOT,Jeg ved sgu ikke om jeg havde lyst til at f√• at vide Malm√∂ nu var vores ansvar.
NOT,NOT,"Der var en mor der havde skrevet, at datteren og hendes veninder havde f√•et nerve sammenbrud p√• skift, over de ikke havde teltplads. Tror indl√¶gget et slettet igen Noget andet jeg ikke fatter at for√¶ldrene giver festivalen en stjerne p√• fb, s√• de ikke engang er tilstede"
NOT,NOT,## S√Ö SMUKT AT SELV HOLGER DANSKE GR√ÜDER
OFF,NOT,Han er et k√¶mpe fjols.
NOT,NOT,Jeg er en mand! (Just got the app myself :P)
NOT,NOT,Teknisk korrekt er den bedste form for korrekt ;-)
NOT,NOT,"'Som tyrkisk-dansker kan jeg n√¶sten ikke fatte, at Tyrkiet nu g√•r imod de v√¶rdier det blev grundlagt p√•. Atat√ºrk''s vision var sekularisering, is√¶r inden for undervisnings-omr√•det.'"
NOT,NOT,"Jeg komme aldrig til at s√¶tte mig ind i deres tanke gang hvordan i alverden kan man f√• sig selv til at efterlade kone og m√•ske ifs√• b√∏rn for selv at drage i sikkerhed samme tid ogs√• grotesk mange tager kvinder og b√∏rn med p√• de lange ""rejser"" hvor mange m√• lade livet s√• nej f√• sendt alle hjem og opret safe zones i omr√•derne s√• kan b√•de kvinder og b√∏rn v√¶re sikre og man ville kunne forts√¶tte sin egen kultur som endnu mangler at se √•ret 2018"
NOT,NOT,De skal hjem s√• hurtigt som muligt
NOT,NOT,"Nu er det ogs√• lidt dumt at sammenligne hvor meget skat der er mistet over en periode p√• flere √•r med en fast √•rlig post, ikke?  Granted - det er stadig slet ikke ubetydelige tal, men det er bare lidt dumt at sammenligne p√¶rer og bananer for at overdrive ens budskab."
NOT,NOT,SYND ATT EMILIE √ÑR HALV SVENSK!! SVENSKT BLOD TILL D√ñDEN! SVENSK VINST HAHAHA!
OFF,OFF,Br√¶nd hele lortet ned og start forfra.
NOT,NOT,Men det √§r ju Danmark som √§r nedanf√∂r sverige p√• kartan
OFF,OFF,fucking lortememe
NOT,NOT,'I skal ogs√• finde ud af hvad i skal kr√¶ve i [danegeld](URL√¶re i fred efter vikingerne''s magtdemonstration.'
NOT,NOT,Tillr√§ckligt gammal s√• den har rostat och blivit r√∂d! L√§nge leva Svearike!
NOT,NOT,hvor er Congobajeren ?
OFF,NOT,"Hold nu k√¶ft med det brok. V√¶r dog glad for at dit v√¶rste problem er, at det er varmt vejr. Se nu lidt ud over din egen n√¶setip og kom videre i livet. Der er s√• meget mere end vejret at snakke om... "
OFF,NOT,URL
NOT,NOT,Men derudover s√• bor hun ikke i DK. S√• det der med at betale skat kan vi vel v√¶re ligeglad med herhjemme
NOT,NOT,Det burde blive straffet at indgive falsk anklage og f√• samme dom som den anklagede stod til.
NOT,NOT,Det g√•r indtil hun en eller anden dag kommer i h√¶nderne p√• en tosset person eller bliver p√•f√∏rt en k√∏nssygdom som ikke kan helbredes.  S√• det er meget risikabel levevej.
OFF,OFF,Fuck nogle m√∏gdyr det er jo ren mafia bare for at de kan st√∏tte de √•ndssvage b√•dflygtninge
OFF,NOT,"der er ingen udl√¶ndinge ved gr√¶nsen, heller ikke kriminelle. De kan k√∏re lige igennem den symbolske gr√¶nsekontrol. Hvis man ikke kan komme p√• sygehuset uden at betale, s√• er det jo fordi at bl√• blok, anf√∏rt af DF, har indf√∏rt brugerbetaling. For s√•dan g√•r det, n√•r nazister og griske kapitalister rotter sig sammen."
NOT,NOT,"Der er et svensk flag! Fy f√∏j da, jeg vil ikke se p√• s√•dan noget, ad ad"
NOT,NOT,Man er vel os lidt dum vis man ikk ka tjene penge p√• en anden m√∏de
NOT,NOT,Skud affyret!
NOT,NOT,Nej da de ka da seiv ogs√• selv betale deres billet.. g√∏r de jo os n√•r de rejser p√• ferie
OFF,NOT,"Fandme s√∏gt migmig. Morgenmad er nok ikke det eneste m√•ltid hun spiser, og hvad er der galt med br√∏d. Det er da bedre end ingenting."
NOT,NOT,Er dette billede fra i dag? Hvor er det henne?
NOT,NOT,"Hahaha, ni kan ju f√∂r fan inte ens h√•lla koll p√• er eget spr√•k, hur ska ni kunna h√•lla England? "
NOT,NOT,S√•e... Hvem af de her to er den kendte?
NOT,NOT,Der skal jo store l√∏nninger til - √òv man ikke kan s√¶tte et foto p√• jeres kommentarer -men m√•ske er det en grund til det
NOT,NOT,Dansk kermit? er du landforr√¶der?! At sammenligne Kaj med s√•dan noget uprofessionelt og smagsl√∏st humor...
NOT,NOT,"Man tramper da ikke p√• Historie... S√• er der godt nok meget der skal tilintetg√∏res, hvis alt der har en tragisk historie ikke m√• v√¶re til.."
NOT,NOT,Hold da op jeg synes det er h√•rde sager det der. Jeg h√•ber virkelig du kommer ud af det hurtigt muligt. Det m√• v√¶re frygteligt ikke at kunne v√¶re sig selv n√•r man er omgivet af sin familie.   Jeg √∏nsker dig virkelig alt held og lykke. 
NOT,NOT,hvad p√∏nser de p√• de satans svyskere?
NOT,NOT,S√• kan man ogs√• pisse i bukserne - uden at blive v√•d !
NOT,NOT,Gl√¶delig jul
NOT,NOT,"Stolt medarbejder i kvickly her, skynd jer at anskaffe jeres kvote af EM SNITTER, de ryger som de danske kanoner der peger imod Svensken."
NOT,NOT,"Det er bedre end ""opstem(t)"""
NOT,NOT,"Det virker jo ikke. Hvor er politikerne? Hvis de andre lande kan stoppe folk med at ryge, hvorfor kan vi s√• ikke??"
NOT,NOT,Kan vi f√• nogle links
NOT,NOT,"Kongen er d√∏d, l√¶nge leve kong Frederik."
NOT,NOT,tak hr. skelet
NOT,NOT,"Fandeme godt jeg er alene p√• pinden. De andre ville jo tro jeg var dum, hvis jeg kunne sidde og grine af Excel."
NOT,NOT,"@USER, derfor jeg ikke laver s√• meget madüòµ ellers ville det have v√¶ret mig"
NOT,NOT,I druk og fremmedhad er vi ‚Äúundisputed
NOT,NOT,"hj√¶lp g√¶lder begge veje - og ikke misbrug af det system og forlange - men l√¶re sproget, n√•r man vil forblive her og er villig til at √¶ndre adf√¶rd til gavn for b√∏rnene og samfundet."
NOT,NOT,"##15,29 CM REN DANSK MAND."
NOT,NOT,"V√¶r st√¶rk, OP. Tro p√• dig selv, husk dit m√•l og v√¶r st√¶rk. G√∏r det for dig selv. Og g√∏r det for dit barn."
OFF,OFF,'Hva'' med de fuckhoveder Venstre?'
NOT,NOT,Gyldent stunt.  -D√©t er sgu den √¶gte vikinge√•nd!
OFF,NOT,Det er jo ikke kun dine bryster du tjener penge p√• du spreder jo ogs√• ben
NOT,NOT,Jeg br√¶kkede mig lige. Bare antydningen at det pisgule flag p√• nogen m√•de kan udfordre vores smukke Dannebrog er jo sygeligtg√∏rende for enhver.  Undskyld mig mens jeg g√•r hen for at spise nogle r√∏de p√∏lser og drikke en cocio.
NOT,NOT,√ÜGTE DANER! GUD BEVARE DANEMARKEN
NOT,NOT,"Brian Saaby er en genial kunstner, ville √∏nske jeg havde r√•d til et af hans originale malerier "

not_not,off_not,not_off,off_off
251,19,2,24
